"ItemType","Path","SizeBytes","SizeHuman","Category","LastAccessTime","LastWriteTime","RiskLevel","SuggestedAction","EstimatedReleaseBytes","EstimatedReleaseHuman","Reason","Hash","DuplicateGroup"
"File","E:\ComfyUI_windows_portable\ComfyUI\models\checkpoints\sd_xl_base_1.0.safetensors","6938078334","6.46 GB","AI 模型权重、数据集、缓存","2026/4/6 21:18:04","2025/8/5 11:05:27","中风险","需要用户确认","6938078334","6.46 GB","AI 目录通常体积巨大，若是缓存或可重下资源，回收空间潜力高。",,
"File","E:\ComfyUI_windows_portable\ComfyUI\models\checkpoints\SUPIR-v0F_fp16.safetensors","2664825592","2.48 GB","AI 模型权重、数据集、缓存","2026/4/6 21:00:58","2026/4/6 20:54:42","中风险","需要用户确认","2664825592","2.48 GB","AI 目录通常体积巨大，若是缓存或可重下资源，回收空间潜力高。",,
"File","E:\ComfyUI_windows_portable\ComfyUI\models\checkpoints\SUPIR-v0Q_fp16.safetensors","2664858464","2.48 GB","AI 模型权重、数据集、缓存","2026/4/6 21:00:59","2026/4/6 20:59:02","中风险","需要用户确认","2664858464","2.48 GB","AI 目录通常体积巨大，若是缓存或可重下资源，回收空间潜力高。",,
"File","E:\ComfyUI_windows_portable\ComfyUI\models\checkpoints\x4-upscaler-ema.safetensors","3531269371","3.29 GB","AI 模型权重、数据集、缓存","2026/4/6 20:05:20","2026/4/6 20:04:39","中风险","需要用户确认","3531269371","3.29 GB","AI 目录通常体积巨大，若是缓存或可重下资源，回收空间潜力高。",,
"File","E:\ComfyUI_windows_portable\ComfyUI\models\clip_vision\clip_vision_h.safetensors","1264219396","1.18 GB","AI 模型权重、数据集、缓存","2025/10/16 10:38:33","2025/8/12 17:31:16","中风险","需要用户确认","1264219396","1.18 GB","AI 目录通常体积巨大，若是缓存或可重下资源，回收空间潜力高。",,
"File","E:\ComfyUI_windows_portable\ComfyUI\models\diffusion_models\[Qwen_Image]Open_Qwen_Ultra丨开放版-国风武侠写实丨性感极致细节光影-电影感丨神话古风丨商业摄影_M1.safetensors","20430800504","19.03 GB","AI 模型权重、数据集、缓存","2025/9/23 10:30:11","2025/9/20 6:17:02","中风险","需要用户确认","20430800504","19.03 GB","AI 目录通常体积巨大，若是缓存或可重下资源，回收空间潜力高。",,
"File","E:\ComfyUI_windows_portable\ComfyUI\models\diffusion_models\Open_Qwen丨开放版-万物写实丨性感极致细节光影_Open_Qwen_A0.5.safetensors","20430795544","19.03 GB","AI 模型权重、数据集、缓存","2025/9/23 0:45:52","2025/9/20 14:02:51","中风险","需要用户确认","20430795544","19.03 GB","AI 目录通常体积巨大，若是缓存或可重下资源，回收空间潜力高。",,
"File","E:\ComfyUI_windows_portable\ComfyUI\models\diffusion_models\Qwen-Image_超梦AdamMix_Qwen丨开放版-真实二次元幻想CG大模型丨多模态千问修仙科幻古风小说_N1.safetensors","20430801832","19.03 GB","AI 模型权重、数据集、缓存","2025/9/23 10:14:34","2025/9/20 13:09:59","中风险","需要用户确认","20430801832","19.03 GB","AI 目录通常体积巨大，若是缓存或可重下资源，回收空间潜力高。",,
"File","E:\ComfyUI_windows_portable\ComfyUI\models\loras\high_noise_model.safetensors","1226977424","1.14 GB","AI 模型权重、数据集、缓存","2026/3/1 13:05:59","2025/8/13 22:57:21","中风险","需要用户确认","1226977424","1.14 GB","AI 目录通常体积巨大，若是缓存或可重下资源，回收空间潜力高。",,
"File","E:\ComfyUI_windows_portable\ComfyUI\models\loras\low_noise_model.safetensors","1226977424","1.14 GB","AI 模型权重、数据集、缓存","2026/3/1 13:19:01","2025/8/13 22:57:21","中风险","需要用户确认","1226977424","1.14 GB","AI 目录通常体积巨大，若是缓存或可重下资源，回收空间潜力高。",,
"File","E:\ComfyUI_windows_portable\ComfyUI\models\text_encoders\qwen_2.5_vl_7b_fp8_scaled.safetensors","9384670680","8.74 GB","AI 模型权重、数据集、缓存","2025/9/23 8:49:45","2025/9/23 0:40:56","中风险","需要用户确认","9384670680","8.74 GB","AI 目录通常体积巨大，若是缓存或可重下资源，回收空间潜力高。",,
"File","E:\ComfyUI_windows_portable\ComfyUI\models\text_encoders\umt5_xxl_fp16.safetensors","11366399385","10.59 GB","AI 模型权重、数据集、缓存","2026/3/1 13:04:06","2025/8/12 17:53:11","中风险","需要用户确认","11366399385","10.59 GB","AI 目录通常体积巨大，若是缓存或可重下资源，回收空间潜力高。",,
"File","E:\ComfyUI_windows_portable\ComfyUI\models\text_encoders\umt5_xxl_fp8_e4m3fn_scaled.safetensors","6735906897","6.27 GB","AI 模型权重、数据集、缓存","2025/10/16 10:38:36","2025/8/12 17:56:53","中风险","需要用户确认","6735906897","6.27 GB","AI 目录通常体积巨大，若是缓存或可重下资源，回收空间潜力高。",,
"File","E:\ComfyUI_windows_portable\ComfyUI\models\text_encoders\umt5-xxl-enc-bf16.safetensors","11361845464","10.58 GB","AI 模型权重、数据集、缓存","2025/9/18 15:10:40","2025/8/12 17:53:15","中风险","需要用户确认","11361845464","10.58 GB","AI 目录通常体积巨大，若是缓存或可重下资源，回收空间潜力高。",,
"File","E:\ComfyUI_windows_portable\ComfyUI\models\text_encoders\umt5-xxl-encoder-F16.gguf","11368687456","10.59 GB","AI 模型权重、数据集、缓存","2025/9/18 15:10:40","2025/8/13 23:49:24","中风险","需要用户确认","11368687456","10.59 GB","AI 目录通常体积巨大，若是缓存或可重下资源，回收空间潜力高。",,
"File","E:\ComfyUI_windows_portable\ComfyUI\models\text_encoders\umt5-xxl-encoder-Q4_K_M.gguf","3655145312","3.40 GB","AI 模型权重、数据集、缓存","2025/10/16 13:26:11","2025/8/13 23:41:49","中风险","需要用户确认","3655145312","3.40 GB","AI 目录通常体积巨大，若是缓存或可重下资源，回收空间潜力高。",,
"File","E:\ComfyUI_windows_portable\ComfyUI\models\text_encoders\umt5-xxl-encoder-Q4_K_S.gguf","3497596768","3.26 GB","AI 模型权重、数据集、缓存","2025/9/18 15:10:40","2025/8/13 23:44:08","中风险","需要用户确认","3497596768","3.26 GB","AI 目录通常体积巨大，若是缓存或可重下资源，回收空间潜力高。",,
"File","E:\ComfyUI_windows_portable\ComfyUI\models\text_encoders\umt5-xxl-encoder-Q5_K_M.gguf","4145878880","3.86 GB","AI 模型权重、数据集、缓存","2026/3/1 13:49:25","2025/8/13 23:41:31","中风险","需要用户确认","4145878880","3.86 GB","AI 目录通常体积巨大，若是缓存或可重下资源，回收空间潜力高。",,
"File","E:\ComfyUI_windows_portable\ComfyUI\models\text_encoders\umt5-xxl-encoder-Q5_K_S.gguf","4052293472","3.77 GB","AI 模型权重、数据集、缓存","2025/9/18 15:10:40","2025/8/13 23:43:14","中风险","需要用户确认","4052293472","3.77 GB","AI 目录通常体积巨大，若是缓存或可重下资源，回收空间潜力高。",,
"File","E:\ComfyUI_windows_portable\ComfyUI\models\unet\wan2.1-i2v-14b-480p-Q3_K_S.gguf","7925939584","7.38 GB","AI 模型权重、数据集、缓存","2025/9/18 15:10:40","2025/8/12 17:42:36","中风险","需要用户确认","7925939584","7.38 GB","AI 目录通常体积巨大，若是缓存或可重下资源，回收空间潜力高。",,
"File","E:\ComfyUI_windows_portable\ComfyUI\models\unet\wan2.1-i2v-14b-480p-Q4_K_M.gguf","11341184384","10.56 GB","AI 模型权重、数据集、缓存","2025/9/18 15:10:40","2025/8/12 18:03:08","中风险","需要用户确认","11341184384","10.56 GB","AI 目录通常体积巨大，若是缓存或可重下资源，回收空间潜力高。",,
"File","E:\ComfyUI_windows_portable\ComfyUI\models\unet\wan2.1-i2v-14b-480p-Q4_K_S.gguf","10437606784","9.72 GB","AI 模型权重、数据集、缓存","2025/9/18 15:10:40","2025/8/12 17:56:06","中风险","需要用户确认","10437606784","9.72 GB","AI 目录通常体积巨大，若是缓存或可重下资源，回收空间潜力高。",,
"File","E:\ComfyUI_windows_portable\ComfyUI\models\unet\wan2.1-t2v-14b-Q3_K_S.gguf","6987864704","6.51 GB","AI 模型权重、数据集、缓存","2025/9/18 15:10:40","2025/8/12 17:46:14","中风险","需要用户确认","6987864704","6.51 GB","AI 目录通常体积巨大，若是缓存或可重下资源，回收空间潜力高。",,
"File","E:\ComfyUI_windows_portable\ComfyUI\models\unet\wan2.1-t2v-14b-Q4_K_M.gguf","10124581504","9.43 GB","AI 模型权重、数据集、缓存","2025/9/18 15:10:40","2025/8/12 18:03:39","中风险","需要用户确认","10124581504","9.43 GB","AI 目录通常体积巨大，若是缓存或可重下资源，回收空间潜力高。",,
"File","E:\ComfyUI_windows_portable\ComfyUI\models\unet\wan2.1-t2v-14b-Q4_K_S.gguf","9221003904","8.59 GB","AI 模型权重、数据集、缓存","2025/9/18 15:10:40","2025/8/12 17:46:02","中风险","需要用户确认","9221003904","8.59 GB","AI 目录通常体积巨大，若是缓存或可重下资源，回收空间潜力高。",,
"File","E:\ComfyUI_windows_portable\ComfyUI\models\unet\Wan2.2-I2V-A14B-HighNoise-Q3_K_M.gguf","7176106496","6.68 GB","AI 模型权重、数据集、缓存","2025/10/16 23:53:51","2025/8/13 18:05:32","中风险","需要用户确认","7176106496","6.68 GB","AI 目录通常体积巨大，若是缓存或可重下资源，回收空间潜力高。",,
"File","E:\ComfyUI_windows_portable\ComfyUI\models\unet\Wan2.2-I2V-A14B-HighNoise-Q3_K_S.gguf","6515012096","6.07 GB","AI 模型权重、数据集、缓存","2026/3/1 1:53:37","2025/8/13 18:04:01","中风险","需要用户确认","6515012096","6.07 GB","AI 目录通常体积巨大，若是缓存或可重下资源，回收空间潜力高。",,
"File","E:\ComfyUI_windows_portable\ComfyUI\models\unet\Wan2.2-I2V-A14B-HighNoise-Q4_K_M.gguf","9651728896","8.99 GB","AI 模型权重、数据集、缓存","2026/3/1 13:07:06","2025/8/16 13:43:06","中风险","需要用户确认","9651728896","8.99 GB","AI 目录通常体积巨大，若是缓存或可重下资源，回收空间潜力高。",,
"File","E:\ComfyUI_windows_portable\ComfyUI\models\unet\Wan2.2-I2V-A14B-HighNoise-Q5_K_M.gguf","10792055296","10.05 GB","AI 模型权重、数据集、缓存","2026/3/1 13:52:28","2025/8/16 21:08:49","中风险","需要用户确认","10792055296","10.05 GB","AI 目录通常体积巨大，若是缓存或可重下资源，回收空间潜力高。",,
"File","E:\ComfyUI_windows_portable\ComfyUI\models\unet\Wan2.2-I2V-A14B-HighNoise-Q8_0.gguf","15406608896","14.35 GB","AI 模型权重、数据集、缓存","2025/11/1 21:27:32","2025/8/18 0:09:48","中风险","需要用户确认","15406608896","14.35 GB","AI 目录通常体积巨大，若是缓存或可重下资源，回收空间潜力高。",,
"File","E:\ComfyUI_windows_portable\ComfyUI\models\unet\Wan2.2-I2V-A14B-LowNoise-Q3_K_M.gguf","7176106496","6.68 GB","AI 模型权重、数据集、缓存","2025/10/16 23:59:05","2025/8/13 18:03:24","中风险","需要用户确认","7176106496","6.68 GB","AI 目录通常体积巨大，若是缓存或可重下资源，回收空间潜力高。",,
"File","E:\ComfyUI_windows_portable\ComfyUI\models\unet\Wan2.2-I2V-A14B-LowNoise-Q3_K_S.gguf","6515012096","6.07 GB","AI 模型权重、数据集、缓存","2026/3/1 1:57:15","2025/8/13 18:04:08","中风险","需要用户确认","6515012096","6.07 GB","AI 目录通常体积巨大，若是缓存或可重下资源，回收空间潜力高。",,
"File","E:\ComfyUI_windows_portable\ComfyUI\models\unet\Wan2.2-I2V-A14B-LowNoise-Q4_K_M.gguf","9651728896","8.99 GB","AI 模型权重、数据集、缓存","2026/3/1 13:07:06","2025/8/16 13:44:09","中风险","需要用户确认","9651728896","8.99 GB","AI 目录通常体积巨大，若是缓存或可重下资源，回收空间潜力高。",,
"File","E:\ComfyUI_windows_portable\ComfyUI\models\unet\Wan2.2-I2V-A14B-LowNoise-Q5_K_M.gguf","10792055296","10.05 GB","AI 模型权重、数据集、缓存","2026/3/1 13:59:14","2025/8/16 21:08:18","中风险","需要用户确认","10792055296","10.05 GB","AI 目录通常体积巨大，若是缓存或可重下资源，回收空间潜力高。",,
"File","E:\ComfyUI_windows_portable\ComfyUI\models\unet\Wan2.2-I2V-A14B-LowNoise-Q8_0.gguf","15406608896","14.35 GB","AI 模型权重、数据集、缓存","2025/11/1 21:31:46","2025/8/18 0:13:49","中风险","需要用户确认","15406608896","14.35 GB","AI 目录通常体积巨大，若是缓存或可重下资源，回收空间潜力高。",,
"File","E:\ComfyUI_windows_portable\ComfyUI\models\upscale_models\model.ckpt","2039822129","1.90 GB","AI 模型权重、数据集、缓存","2026/4/6 18:36:15","2026/4/6 18:35:22","中风险","需要用户确认","2039822129","1.90 GB","AI 目录通常体积巨大，若是缓存或可重下资源，回收空间潜力高。",,
"File","E:\webui_forge_cu121_torch231\webui\models\ControlNet\control_v11p_sd15s2_lineart_anime\diffusion_pytorch_model.safetensors","1445157124","1.35 GB","AI 模型权重、数据集、缓存","2026/4/6 18:17:11","2026/4/2 23:55:16","中风险","需要用户确认","1445157124","1.35 GB","AI 目录通常体积巨大，若是缓存或可重下资源，回收空间潜力高。",,
"File","E:\webui_forge_cu121_torch231\webui\models\ControlNet\manga-recolor\ControlNet-manga-recolor.safetensors","5004167864","4.66 GB","AI 模型权重、数据集、缓存","2026/4/6 18:17:11","2026/4/2 21:48:07","中风险","需要用户确认","5004167864","4.66 GB","AI 目录通常体积巨大，若是缓存或可重下资源，回收空间潜力高。",,
"File","E:\webui_forge_cu121_torch231\webui\models\ControlNet\manga-recolor\ControlNet-manga-recolor15.safetensors","1445157120","1.35 GB","AI 模型权重、数据集、缓存","2026/4/6 18:17:11","2026/4/2 21:44:08","中风险","需要用户确认","1445157120","1.35 GB","AI 目录通常体积巨大，若是缓存或可重下资源，回收空间潜力高。",,
"File","E:\webui_forge_cu121_torch231\webui\models\Stable-diffusion\flux\超梦AdamMix_Qwen丨开放版-真实二次元幻想CG大模型丨多模态千问修仙科幻古风小说_F.V2.safetensors","17078861902","15.91 GB","AI 模型权重、数据集、缓存","2026/4/6 18:17:03","2025/9/20 11:31:48","中风险","需要用户确认","17078861902","15.91 GB","AI 目录通常体积巨大，若是缓存或可重下资源，回收空间潜力高。",,
"File","E:\webui_forge_cu121_torch231\webui\models\Stable-diffusion\flux\鬼灵 FLUX-V3丨中式恐怖武侠古风悬疑神话鬼怪电商万圣节_V3.safetensors","11901497152","11.08 GB","AI 模型权重、数据集、缓存","2026/4/6 18:17:03","2025/9/21 10:11:51","中风险","需要用户确认","11901497152","11.08 GB","AI 目录通常体积巨大，若是缓存或可重下资源，回收空间潜力高。",,
"File","E:\webui_forge_cu121_torch231\webui\models\Stable-diffusion\flux\国风山水插画Ultra_FLUX版.safetensors","11901517992","11.08 GB","AI 模型权重、数据集、缓存","2026/4/6 18:17:03","2025/9/20 16:53:17","中风险","需要用户确认","11901517992","11.08 GB","AI 目录通常体积巨大，若是缓存或可重下资源，回收空间潜力高。",,
"File","E:\webui_forge_cu121_torch231\webui\models\Stable-diffusion\flux\林鹤-去伪存真-Flux写实棚拍摄影质感大模型_V2.5.safetensors","23802922928","22.17 GB","AI 模型权重、数据集、缓存","2026/4/6 18:17:03","2025/11/15 20:42:08","中风险","需要用户确认","23802922928","22.17 GB","AI 目录通常体积巨大，若是缓存或可重下资源，回收空间潜力高。",,
"File","E:\webui_forge_cu121_torch231\webui\models\Stable-diffusion\flux\F.1极致摄影大模型_v1.safetensors","11901515888","11.08 GB","AI 模型权重、数据集、缓存","2026/4/6 18:17:03","2025/11/14 23:59:21","中风险","需要用户确认","11901515888","11.08 GB","AI 目录通常体积巨大，若是缓存或可重下资源，回收空间潜力高。",,
"File","E:\webui_forge_cu121_torch231\webui\models\Stable-diffusion\flux\F1_ZA_最美古风大模型_浮生若梦_ZA_浮生若梦_V1.safetensors","11901516440","11.08 GB","AI 模型权重、数据集、缓存","2026/4/6 18:17:03","2025/9/20 12:43:06","中风险","需要用户确认","11901516440","11.08 GB","AI 目录通常体积巨大，若是缓存或可重下资源，回收空间潜力高。",,
"File","E:\webui_forge_cu121_torch231\webui\models\Stable-diffusion\flux\FLUX大模型_2.5D国风古风美人_古风美人.safetensors","12236819020","11.40 GB","AI 模型权重、数据集、缓存","2026/4/6 18:17:03","2025/9/20 12:12:35","中风险","需要用户确认","12236819020","11.40 GB","AI 目录通常体积巨大，若是缓存或可重下资源，回收空间潜力高。",,
"File","E:\webui_forge_cu121_torch231\webui\models\Stable-diffusion\Illustrious\星美二次元_illustriousAnime-光影氛围感_1.0.safetensors","6938040874","6.46 GB","AI 模型权重、数据集、缓存","2026/4/6 18:17:04","2025/11/15 13:01:13","中风险","需要用户确认","6938040874","6.46 GB","AI 目录通常体积巨大，若是缓存或可重下资源，回收空间潜力高。",,
"File","E:\webui_forge_cu121_torch231\webui\models\Stable-diffusion\Illustrious\hassakuXLIllustrious_v32.safetensors","6938065408","6.46 GB","AI 模型权重、数据集、缓存","2026/4/6 18:17:03","2025/11/15 8:27:57","中风险","需要用户确认","6938065408","6.46 GB","AI 目录通常体积巨大，若是缓存或可重下资源，回收空间潜力高。",,
"File","E:\webui_forge_cu121_torch231\webui\models\Stable-diffusion\Illustrious\One obsession-一念痴迷动漫 含热门角色_09_极致光影_内置VAE.safetensors","7105349844","6.62 GB","AI 模型权重、数据集、缓存","2026/4/6 18:17:04","2025/9/23 20:29:24","中风险","需要用户确认","7105349844","6.62 GB","AI 目录通常体积巨大，若是缓存或可重下资源，回收空间潜力高。",,
"File","E:\webui_forge_cu121_torch231\webui\models\Stable-diffusion\Illustrious\oneObsession_1424DNsfw.safetensors","7140416588","6.65 GB","AI 模型权重、数据集、缓存","2026/4/6 18:17:04","2025/11/15 0:42:53","中风险","需要用户确认","7140416588","6.65 GB","AI 目录通常体积巨大，若是缓存或可重下资源，回收空间潜力高。",,
"File","E:\webui_forge_cu121_torch231\webui\models\Stable-diffusion\Illustrious\oneObsession_v18.safetensors","6938040393","6.46 GB","AI 模型权重、数据集、缓存","2026/4/6 18:17:04","2025/11/15 0:12:25","中风险","需要用户确认","6938040393","6.46 GB","AI 目录通常体积巨大，若是缓存或可重下资源，回收空间潜力高。",,
"File","E:\webui_forge_cu121_torch231\webui\models\Stable-diffusion\Illustrious\rinAnim8drawIllustriousXL_v20.safetensors","6938040706","6.46 GB","AI 模型权重、数据集、缓存","2026/4/6 18:17:04","2025/11/15 13:10:44","中风险","需要用户确认","6938040706","6.46 GB","AI 目录通常体积巨大，若是缓存或可重下资源，回收空间潜力高。",,
"File","E:\webui_forge_cu121_torch231\webui\models\Stable-diffusion\NoobAI\One obsession-一念痴迷动漫 含热门角色_16NoobAi-内置VAE.safetensors","6938040682","6.46 GB","AI 模型权重、数据集、缓存","2026/4/6 18:17:04","2025/9/23 13:16:57","中风险","需要用户确认","6938040682","6.46 GB","AI 目录通常体积巨大，若是缓存或可重下资源，回收空间潜力高。",,
"File","E:\webui_forge_cu121_torch231\webui\models\Stable-diffusion\NoobAI\oneObsession_v16Noobai.safetensors","6938040682","6.46 GB","AI 模型权重、数据集、缓存","2026/4/6 18:17:04","2025/11/15 0:26:44","中风险","需要用户确认","6938040682","6.46 GB","AI 目录通常体积巨大，若是缓存或可重下资源，回收空间潜力高。",,
"File","E:\webui_forge_cu121_torch231\webui\models\Stable-diffusion\Qwen_Image\qwenImageFp8E4m3fn_v10.safetensors","20430635136","19.03 GB","AI 模型权重、数据集、缓存","2026/4/6 18:17:04","2025/9/23 20:04:39","中风险","需要用户确认","20430635136","19.03 GB","AI 目录通常体积巨大，若是缓存或可重下资源，回收空间潜力高。",,
"File","E:\webui_forge_cu121_torch231\webui\models\Stable-diffusion\sd1.5\超梦AdamMix_Qwen丨开放版-真实二次元幻想CG大模型丨多模态千问修仙科幻古风小说_v1.safetensors","2567350050","2.39 GB","AI 模型权重、数据集、缓存","2026/4/6 18:17:04","2025/9/20 10:49:01","中风险","需要用户确认","2567350050","2.39 GB","AI 目录通常体积巨大，若是缓存或可重下资源，回收空间潜力高。",,
"File","E:\webui_forge_cu121_torch231\webui\models\Stable-diffusion\sd1.5\超人古风推文大模型_超人古风推文大模型v1.safetensors","2175122068","2.03 GB","AI 模型权重、数据集、缓存","2026/4/6 18:17:04","2025/9/20 0:32:47","中风险","需要用户确认","2175122068","2.03 GB","AI 目录通常体积巨大，若是缓存或可重下资源，回收空间潜力高。",,
"File","E:\webui_forge_cu121_torch231\webui\models\Stable-diffusion\sd1.5\古风色彩丨人物场景_1.0.safetensors","2400065730","2.24 GB","AI 模型权重、数据集、缓存","2026/4/6 18:17:04","2025/9/11 15:50:29","中风险","需要用户确认","2400065730","2.24 GB","AI 目录通常体积巨大，若是缓存或可重下资源，回收空间潜力高。",,
"File","E:\webui_forge_cu121_torch231\webui\models\Stable-diffusion\sd1.5\鬼灵 FLUX-V3丨中式恐怖武侠古风悬疑神话鬼怪电商万圣节_v2 (sd1.5）.safetensors","2299934404","2.14 GB","AI 模型权重、数据集、缓存","2026/4/6 18:17:04","2025/9/20 10:44:49","中风险","需要用户确认","2299934404","2.14 GB","AI 目录通常体积巨大，若是缓存或可重下资源，回收空间潜力高。",,
"File","E:\webui_forge_cu121_torch231\webui\models\Stable-diffusion\sd1.5\国风3 GuoFeng3_v3.4.safetensors","2299933688","2.14 GB","AI 模型权重、数据集、缓存","2026/4/6 18:17:04","2025/9/20 13:31:02","中风险","需要用户确认","2299933688","2.14 GB","AI 目录通常体积巨大，若是缓存或可重下资源，回收空间潜力高。",,
"File","E:\webui_forge_cu121_torch231\webui\models\Stable-diffusion\sd1.5\国风山水工笔插画_v1.0.safetensors","2132627790","1.99 GB","AI 模型权重、数据集、缓存","2026/4/6 18:17:04","2025/9/20 16:27:42","中风险","需要用户确认","2132627790","1.99 GB","AI 目录通常体积巨大，若是缓存或可重下资源，回收空间潜力高。",,
"File","E:\webui_forge_cu121_torch231\webui\models\Stable-diffusion\sd1.5\佳人如画 古风_G2.safetensors","2132626090","1.99 GB","AI 模型权重、数据集、缓存","2026/4/6 18:17:04","2025/9/20 12:12:42","中风险","需要用户确认","2132626090","1.99 GB","AI 目录通常体积巨大，若是缓存或可重下资源，回收空间潜力高。",,
"File","E:\webui_forge_cu121_torch231\webui\models\Stable-diffusion\sd1.5\芦柑二次元国风敦煌质感模型_0.1.safetensors","2132626806","1.99 GB","AI 模型权重、数据集、缓存","2026/4/6 18:17:04","2025/9/20 16:08:37","中风险","需要用户确认","2132626806","1.99 GB","AI 目录通常体积巨大，若是缓存或可重下资源，回收空间潜力高。",,
"File","E:\webui_forge_cu121_torch231\webui\models\Stable-diffusion\sd1.5\猫爪_二次元现代国风1.5_测试用.safetensors","5738112152","5.34 GB","AI 模型权重、数据集、缓存","2026/4/6 18:17:04","2025/9/20 16:21:28","中风险","需要用户确认","5738112152","5.34 GB","AI 目录通常体积巨大，若是缓存或可重下资源，回收空间潜力高。",,
"File","E:\webui_forge_cu121_torch231\webui\models\Stable-diffusion\sd1.5\墨烟古风-欢颜丹青V4_欢颜丹青V4.safetensors","2400041838","2.24 GB","AI 模型权重、数据集、缓存","2026/4/6 18:17:04","2025/9/20 12:36:33","中风险","需要用户确认","2400041838","2.24 GB","AI 目录通常体积巨大，若是缓存或可重下资源，回收空间潜力高。",,
"File","E:\webui_forge_cu121_torch231\webui\models\Stable-diffusion\sd1.5\七夜-写实 摄影大模型_女生写实V1.safetensors","2132627382","1.99 GB","AI 模型权重、数据集、缓存","2026/4/6 18:17:04","2025/11/14 22:45:17","中风险","需要用户确认","2132627382","1.99 GB","AI 目录通常体积巨大，若是缓存或可重下资源，回收空间潜力高。",,
"File","E:\webui_forge_cu121_torch231\webui\models\Stable-diffusion\sd1.5\奇辞奥旨_五色幻世.safetensors","2400042364","2.24 GB","AI 模型权重、数据集、缓存","2026/4/6 18:17:04","2025/9/20 19:18:25","中风险","需要用户确认","2400042364","2.24 GB","AI 目录通常体积巨大，若是缓存或可重下资源，回收空间潜力高。",,
"File","E:\webui_forge_cu121_torch231\webui\models\Stable-diffusion\sd1.5\奇辞奥旨_V2未裁剪版本.safetensors","4998146492","4.65 GB","AI 模型权重、数据集、缓存","2026/4/6 18:17:04","2025/9/20 17:33:53","中风险","需要用户确认","4998146492","4.65 GB","AI 目录通常体积巨大，若是缓存或可重下资源，回收空间潜力高。",,
"File","E:\webui_forge_cu121_torch231\webui\models\Stable-diffusion\sd1.5\守望 古风动漫 1.0_守望 古风动漫v1.safetensors","2132651052","1.99 GB","AI 模型权重、数据集、缓存","2026/4/6 18:17:04","2025/9/11 13:50:14","中风险","需要用户确认","2132651052","1.99 GB","AI 目录通常体积巨大，若是缓存或可重下资源，回收空间潜力高。",,
"File","E:\webui_forge_cu121_torch231\webui\models\Stable-diffusion\sd1.5\守望古风插画 2.0_守望 古风插画v2.safetensors","2400040634","2.24 GB","AI 模型权重、数据集、缓存","2026/4/6 18:17:04","2025/9/11 13:41:54","中风险","需要用户确认","2400040634","2.24 GB","AI 目录通常体积巨大，若是缓存或可重下资源，回收空间潜力高。",,
"File","E:\webui_forge_cu121_torch231\webui\models\Stable-diffusion\sd1.5\abyssorangemix3AOM3_aom3a1b.safetensors","2132626071","1.99 GB","AI 模型权重、数据集、缓存","2026/4/6 18:17:04","2025/9/19 0:42:13","中风险","需要用户确认","2132626071","1.99 GB","AI 目录通常体积巨大，若是缓存或可重下资源，回收空间潜力高。",,
"File","E:\webui_forge_cu121_torch231\webui\models\Stable-diffusion\sd1.5\Anything_v5_PRT_RE.safetensors","2132626102","1.99 GB","AI 模型权重、数据集、缓存","2026/4/6 18:17:04","2025/8/5 11:00:51","中风险","需要用户确认","2132626102","1.99 GB","AI 目录通常体积巨大，若是缓存或可重下资源，回收空间潜力高。",,
"File","E:\webui_forge_cu121_torch231\webui\models\Stable-diffusion\sd1.5\anything_v5.safetensors","2132626102","1.99 GB","AI 模型权重、数据集、缓存","2026/4/6 18:17:04","2023/4/2 17:21:47","中风险","需要用户确认","2132626102","1.99 GB","AI 目录通常体积巨大，若是缓存或可重下资源，回收空间潜力高。",,
"File","E:\webui_forge_cu121_torch231\webui\models\Stable-diffusion\sd1.5\chilloutmix_Ni_Pruned_Fp32_Fix.safetensors","4265097179","3.97 GB","AI 模型权重、数据集、缓存","2026/4/6 18:17:04","2025/8/5 12:25:43","中风险","需要用户确认","4265097179","3.97 GB","AI 目录通常体积巨大，若是缓存或可重下资源，回收空间潜力高。",,
"File","E:\webui_forge_cu121_torch231\webui\models\Stable-diffusion\sd1.5\chilloutmix_Ni.safetensors","7703274889","7.17 GB","AI 模型权重、数据集、缓存","2026/4/6 18:17:04","2025/8/5 12:43:26","中风险","需要用户确认","7703274889","7.17 GB","AI 目录通常体积巨大，若是缓存或可重下资源，回收空间潜力高。",,
"File","E:\webui_forge_cu121_torch231\webui\models\Stable-diffusion\sd1.5\counterfeitV30_v30.safetensors","4244124028","3.95 GB","AI 模型权重、数据集、缓存","2026/4/6 18:17:04","2025/9/18 17:44:52","中风险","需要用户确认","4244124028","3.95 GB","AI 目录通常体积巨大，若是缓存或可重下资源，回收空间潜力高。",,
"File","E:\webui_forge_cu121_torch231\webui\models\Stable-diffusion\sd1.5\dreamshaper_8.safetensors","2132625894","1.99 GB","AI 模型权重、数据集、缓存","2026/4/6 18:17:04","2025/8/5 10:40:34","中风险","需要用户确认","2132625894","1.99 GB","AI 目录通常体积巨大，若是缓存或可重下资源，回收空间潜力高。",,
"File","E:\webui_forge_cu121_torch231\webui\models\Stable-diffusion\sd1.5\dreamshaper_8Inpainting.safetensors","2132703862","1.99 GB","AI 模型权重、数据集、缓存","2026/4/6 18:17:04","2025/8/5 10:43:35","中风险","需要用户确认","2132703862","1.99 GB","AI 目录通常体积巨大，若是缓存或可重下资源，回收空间潜力高。",,
"File","E:\webui_forge_cu121_torch231\webui\models\Stable-diffusion\sd1.5\dunhuangmix_v11.safetensors","2400040290","2.24 GB","AI 模型权重、数据集、缓存","2026/4/6 18:17:04","2025/11/15 8:44:14","中风险","需要用户确认","2400040290","2.24 GB","AI 目录通常体积巨大，若是缓存或可重下资源，回收空间潜力高。",,
"File","E:\webui_forge_cu121_torch231\webui\models\Stable-diffusion\sd1.5\gufengmix_v10.safetensors","9110922989","8.49 GB","AI 模型权重、数据集、缓存","2026/4/6 18:17:04","2025/11/15 9:01:52","中风险","需要用户确认","9110922989","8.49 GB","AI 目录通常体积巨大，若是缓存或可重下资源，回收空间潜力高。",,
"File","E:\webui_forge_cu121_torch231\webui\models\Stable-diffusion\sd1.5\GuoFeng3.2.safetensors","4265097028","3.97 GB","AI 模型权重、数据集、缓存","2026/4/6 18:17:04","2024/12/25 23:51:39","中风险","需要用户确认","4265097028","3.97 GB","AI 目录通常体积巨大，若是缓存或可重下资源，回收空间潜力高。",,
"File","E:\webui_forge_cu121_torch231\webui\models\Stable-diffusion\sd1.5\LEOSAM's MoonFilm_realism_2.0.safetensors","5163658590","4.81 GB","AI 模型权重、数据集、缓存","2026/4/6 18:17:04","2025/8/2 22:11:28","中风险","需要用户确认","5163658590","4.81 GB","AI 目录通常体积巨大，若是缓存或可重下资源，回收空间潜力高。",,
"File","E:\webui_forge_cu121_torch231\webui\models\Stable-diffusion\sd1.5\M-萝莉人生_V1.safetensors","4730731724","4.41 GB","AI 模型权重、数据集、缓存","2026/4/6 18:17:04","2025/9/21 10:43:27","中风险","需要用户确认","4730731724","4.41 GB","AI 目录通常体积巨大，若是缓存或可重下资源，回收空间潜力高。",,
"File","E:\webui_forge_cu121_torch231\webui\models\Stable-diffusion\sd1.5\M典藏圣典_V2.safetensors","2132627206","1.99 GB","AI 模型权重、数据集、缓存","2026/4/6 18:17:04","2025/9/20 17:24:35","中风险","需要用户确认","2132627206","1.99 GB","AI 目录通常体积巨大，若是缓存或可重下资源，回收空间潜力高。",,
"File","E:\webui_forge_cu121_torch231\webui\models\Stable-diffusion\sd1.5\M动漫-V4_V4.safetensors","2132627574","1.99 GB","AI 模型权重、数据集、缓存","2026/4/6 18:17:04","2025/9/21 4:00:15","中风险","需要用户确认","2132627574","1.99 GB","AI 目录通常体积巨大，若是缓存或可重下资源，回收空间潜力高。",,
"File","E:\webui_forge_cu121_torch231\webui\models\Stable-diffusion\sd1.5\M精华融合写实V2版本_V1精华融合版本.safetensors","4730731526","4.41 GB","AI 模型权重、数据集、缓存","2026/4/6 18:17:04","2025/9/21 4:12:46","中风险","需要用户确认","4730731526","4.41 GB","AI 目录通常体积巨大，若是缓存或可重下资源，回收空间潜力高。",,
"File","E:\webui_forge_cu121_torch231\webui\models\Stable-diffusion\sd1.5\M精华融合写实V2版本_V2.safetensors","4730731454","4.41 GB","AI 模型权重、数据集、缓存","2026/4/6 18:17:04","2025/9/21 4:11:13","中风险","需要用户确认","4730731454","4.41 GB","AI 目录通常体积巨大，若是缓存或可重下资源，回收空间潜力高。",,
"File","E:\webui_forge_cu121_torch231\webui\models\Stable-diffusion\sd1.5\M终极写实-无极逆转_FP32.safetensors","5306217584","4.94 GB","AI 模型权重、数据集、缓存","2026/4/6 18:17:04","2025/9/21 9:49:20","中风险","需要用户确认","5306217584","4.94 GB","AI 目录通常体积巨大，若是缓存或可重下资源，回收空间潜力高。",,
"File","E:\webui_forge_cu121_torch231\webui\models\Stable-diffusion\sd1.5\meinamix_meinaV11.safetensors","2132651818","1.99 GB","AI 模型权重、数据集、缓存","2026/4/6 18:17:04","2025/9/18 17:20:27","中风险","需要用户确认","2132651818","1.99 GB","AI 目录通常体积巨大，若是缓存或可重下资源，回收空间潜力高。",,
"File","E:\webui_forge_cu121_torch231\webui\models\Stable-diffusion\sd1.5\meinamix_v12Final.safetensors","2132651786","1.99 GB","AI 模型权重、数据集、缓存","2026/4/6 18:17:04","2025/9/18 17:10:09","中风险","需要用户确认","2132651786","1.99 GB","AI 目录通常体积巨大，若是缓存或可重下资源，回收空间潜力高。",,
"File","E:\webui_forge_cu121_torch231\webui\models\Stable-diffusion\sd1.5\MW_shuimo_古风水墨水彩插画_2.0.safetensors","2400066994","2.24 GB","AI 模型权重、数据集、缓存","2026/4/6 18:17:04","2025/9/20 0:27:48","中风险","需要用户确认","2400066994","2.24 GB","AI 目录通常体积巨大，若是缓存或可重下资源，回收空间潜力高。",,
"File","E:\webui_forge_cu121_torch231\webui\models\Stable-diffusion\sd1.5\MW_shuimo_古风水墨水彩插画_v1.0.safetensors","2132625910","1.99 GB","AI 模型权重、数据集、缓存","2026/4/6 18:17:04","2025/9/20 0:26:28","中风险","需要用户确认","2132625910","1.99 GB","AI 目录通常体积巨大，若是缓存或可重下资源，回收空间潜力高。",,
"File","E:\webui_forge_cu121_torch231\webui\models\Stable-diffusion\sd1.5\MZ_仙气国风_1.5测试版.safetensors","2175122068","2.03 GB","AI 模型权重、数据集、缓存","2026/4/6 18:17:04","2025/9/20 15:34:38","中风险","需要用户确认","2175122068","2.03 GB","AI 目录通常体积巨大，若是缓存或可重下资源，回收空间潜力高。",,
"File","E:\webui_forge_cu121_torch231\webui\models\Stable-diffusion\sd1.5\MZ_Gufeng_V3.2_gufengtest_V3.2.safetensors","2342430198","2.18 GB","AI 模型权重、数据集、缓存","2026/4/6 18:17:04","2025/8/2 0:36:03","中风险","需要用户确认","2342430198","2.18 GB","AI 目录通常体积巨大，若是缓存或可重下资源，回收空间潜力高。",,
"File","E:\webui_forge_cu121_torch231\webui\models\Stable-diffusion\sd1.5\MZ_Gufeng_V3.2_gufengtest_V3.2x_1-alpha-beta_+LEOSAM'sMoonFilm_realism_2.0xalpha+anything_v5xbeta_alpha=0.25_0.28_0.3_0.32_0.33_0.35_0.35_0.4_0.42_0.42_0.4_0.38_0.36_0.45_0.32_0.3_0.28.safetensors","2132627550","1.99 GB","AI 模型权重、数据集、缓存","2026/4/6 18:17:04","2025/9/9 0:33:03","中风险","需要用户确认","2132627550","1.99 GB","AI 目录通常体积巨大，若是缓存或可重下资源，回收空间潜力高。",,
"File","E:\webui_forge_cu121_torch231\webui\models\Stable-diffusion\sd1.5\MZ二次元古风_V3.0_gufengtest_V3.0.safetensors","2175121888","2.03 GB","AI 模型权重、数据集、缓存","2026/4/6 18:17:04","2025/9/20 16:16:36","中风险","需要用户确认","2175121888","2.03 GB","AI 目录通常体积巨大，若是缓存或可重下资源，回收空间潜力高。",,
"File","E:\webui_forge_cu121_torch231\webui\models\Stable-diffusion\sd1.5\Protogen_v2.2_Anime.safetensors","4265096902","3.97 GB","AI 模型权重、数据集、缓存","2026/4/6 18:17:04","2025/8/5 12:05:01","中风险","需要用户确认","4265096902","3.97 GB","AI 目录通常体积巨大，若是缓存或可重下资源，回收空间潜力高。",,
"File","E:\webui_forge_cu121_torch231\webui\models\Stable-diffusion\sd1.5\Protogen_v7.4_Eclipse_with_vae.safetensors","8283822434","7.71 GB","AI 模型权重、数据集、缓存","2026/4/6 18:17:04","2025/8/6 14:50:55","中风险","需要用户确认","8283822434","7.71 GB","AI 目录通常体积巨大，若是缓存或可重下资源，回收空间潜力高。",,
"File","E:\webui_forge_cu121_torch231\webui\models\Stable-diffusion\sd1.5\Protogen_v8.0_Nova_with_vae.safetensors","8283822434","7.71 GB","AI 模型权重、数据集、缓存","2026/4/6 18:17:04","2025/8/6 14:28:01","中风险","需要用户确认","8283822434","7.71 GB","AI 目录通常体积巨大，若是缓存或可重下资源，回收空间潜力高。",,
"File","E:\webui_forge_cu121_torch231\webui\models\Stable-diffusion\sd1.5\Protogen_v8.6_Infinitely_with_vae.safetensors","8529943892","7.94 GB","AI 模型权重、数据集、缓存","2026/4/6 18:17:04","2025/8/6 14:55:49","中风险","需要用户确认","8529943892","7.94 GB","AI 目录通常体积巨大，若是缓存或可重下资源，回收空间潜力高。",,
"File","E:\webui_forge_cu121_torch231\webui\models\Stable-diffusion\sd1.5\realisticVisionV60B1_v6B1_InpaintingVAE.safetensors","4265203868","3.97 GB","AI 模型权重、数据集、缓存","2026/4/6 18:17:04","2025/8/5 11:20:47","中风险","需要用户确认","4265203868","3.97 GB","AI 目录通常体积巨大，若是缓存或可重下资源，回收空间潜力高。",,
"File","E:\webui_forge_cu121_torch231\webui\models\Stable-diffusion\sd1.5\realisticVisionV60B1_v6B1_VAE.safetensors","4265096996","3.97 GB","AI 模型权重、数据集、缓存","2026/4/6 18:17:04","2025/8/5 11:40:40","中风险","需要用户确认","4265096996","3.97 GB","AI 目录通常体积巨大，若是缓存或可重下资源，回收空间潜力高。",,
"File","E:\webui_forge_cu121_torch231\webui\models\Stable-diffusion\sd1.5\revAnimated_v2Pruned.safetensors","2132625894","1.99 GB","AI 模型权重、数据集、缓存","2026/4/6 18:17:04","2025/9/18 17:48:34","中风险","需要用户确认","2132625894","1.99 GB","AI 目录通常体积巨大，若是缓存或可重下资源，回收空间潜力高。",,
"File","E:\webui_forge_cu121_torch231\webui\models\Stable-diffusion\sd1.5\revAnimated_v2Rebirth.safetensors","5505437734","5.13 GB","AI 模型权重、数据集、缓存","2026/4/6 18:17:04","2025/9/18 17:47:50","中风险","需要用户确认","5505437734","5.13 GB","AI 目录通常体积巨大，若是缓存或可重下资源，回收空间潜力高。",,
"File","E:\webui_forge_cu121_torch231\webui\models\Stable-diffusion\sd1.5\Richmix_Guofeng_claborate-style_v1.0.safetensors","2132625910","1.99 GB","AI 模型权重、数据集、缓存","2026/4/6 18:17:04","2025/8/2 22:23:39","中风险","需要用户确认","2132625910","1.99 GB","AI 目录通常体积巨大，若是缓存或可重下资源，回收空间潜力高。",,
"File","E:\webui_forge_cu121_torch231\webui\models\Stable-diffusion\sd1.5\v1-5-pruned-emaonly.safetensors","4265146304","3.97 GB","AI 模型权重、数据集、缓存","2026/4/6 18:17:04","2025/9/1 10:14:24","中风险","需要用户确认","4265146304","3.97 GB","AI 目录通常体积巨大，若是缓存或可重下资源，回收空间潜力高。",,
"File","E:\webui_forge_cu121_torch231\webui\models\Stable-diffusion\sdxl\《时光2》高清人像版SDXL摄影大模型_v1.safetensors","7123414012","6.63 GB","AI 模型权重、数据集、缓存","2026/4/6 18:17:04","2025/9/20 15:39:26","中风险","需要用户确认","7123414012","6.63 GB","AI 目录通常体积巨大，若是缓存或可重下资源，回收空间潜力高。",,
"File","E:\webui_forge_cu121_torch231\webui\models\Stable-diffusion\sdxl\201-DangerAngel-Real-XL-201_1.safetensors","6938040988","6.46 GB","AI 模型权重、数据集、缓存","2026/4/6 18:17:04","2025/9/11 16:05:49","中风险","需要用户确认","6938040988","6.46 GB","AI 目录通常体积巨大，若是缓存或可重下资源，回收空间潜力高。",,
"File","E:\webui_forge_cu121_torch231\webui\models\Stable-diffusion\sdxl\4Guofeng4XL_v1125D.safetensors","6938041020","6.46 GB","AI 模型权重、数据集、缓存","2026/4/6 18:17:04","2025/9/19 7:01:10","中风险","需要用户确认","6938041020","6.46 GB","AI 目录通常体积巨大，若是缓存或可重下资源，回收空间潜力高。",,
"File","E:\webui_forge_cu121_torch231\webui\models\Stable-diffusion\sdxl\4Guofeng4XL_v12.safetensors","6938040682","6.46 GB","AI 模型权重、数据集、缓存","2026/4/6 18:17:04","2025/9/19 5:44:20","中风险","需要用户确认","6938040682","6.46 GB","AI 目录通常体积巨大，若是缓存或可重下资源，回收空间潜力高。",,
"File","E:\webui_forge_cu121_torch231\webui\models\Stable-diffusion\sdxl\超梦AdamMix_Qwen丨开放版-真实二次元幻想CG大模型丨多模态千问修仙科幻古风小说_P3.safetensors","6938041570","6.46 GB","AI 模型权重、数据集、缓存","2026/4/6 18:17:04","2025/9/20 13:31:30","中风险","需要用户确认","6938041570","6.46 GB","AI 目录通常体积巨大，若是缓存或可重下资源，回收空间潜力高。",,
"File","E:\webui_forge_cu121_torch231\webui\models\Stable-diffusion\sdxl\动漫光影-AniShadow [无需lora，自带画风和热门角色]_v4.safetensors","6938040682","6.46 GB","AI 模型权重、数据集、缓存","2026/4/6 18:17:04","2025/9/23 14:23:30","中风险","需要用户确认","6938040682","6.46 GB","AI 目录通常体积巨大，若是缓存或可重下资源，回收空间潜力高。",,
"File","E:\webui_forge_cu121_torch231\webui\models\Stable-diffusion\sdxl\动漫光影-AniShadow [无需lora，自带画风和热门角色]_V5.safetensors","6938040682","6.46 GB","AI 模型权重、数据集、缓存","2026/4/6 18:17:04","2025/9/23 12:33:29","中风险","需要用户确认","6938040682","6.46 GB","AI 目录通常体积巨大，若是缓存或可重下资源，回收空间潜力高。",,
"File","E:\webui_forge_cu121_torch231\webui\models\Stable-diffusion\sdxl\古风汉服MAX_v1.0.safetensors","6938042714","6.46 GB","AI 模型权重、数据集、缓存","2026/4/6 18:17:04","2025/9/11 15:26:50","中风险","需要用户确认","6938042714","6.46 GB","AI 目录通常体积巨大，若是缓存或可重下资源，回收空间潜力高。",,
"File","E:\webui_forge_cu121_torch231\webui\models\Stable-diffusion\sdxl\古风汉服MAX_v3.0.safetensors","6938041706","6.46 GB","AI 模型权重、数据集、缓存","2026/4/6 18:17:04","2025/9/11 15:38:36","中风险","需要用户确认","6938041706","6.46 GB","AI 目录通常体积巨大，若是缓存或可重下资源，回收空间潜力高。",,
"File","E:\webui_forge_cu121_torch231\webui\models\Stable-diffusion\sdxl\归途_国风_V1.0.safetensors","6938040416","6.46 GB","AI 模型权重、数据集、缓存","2026/4/6 18:17:04","2025/9/20 16:00:07","中风险","需要用户确认","6938040416","6.46 GB","AI 目录通常体积巨大，若是缓存或可重下资源，回收空间潜力高。",,
"File","E:\webui_forge_cu121_torch231\webui\models\Stable-diffusion\sdxl\国风山水插画Ultra_v1.0.safetensors","7221063770","6.73 GB","AI 模型权重、数据集、缓存","2026/4/6 18:17:04","2025/9/20 17:24:31","中风险","需要用户确认","7221063770","6.73 GB","AI 目录通常体积巨大，若是缓存或可重下资源，回收空间潜力高。",,
"File","E:\webui_forge_cu121_torch231\webui\models\Stable-diffusion\sdxl\好吃米-2D-SDXL-v2-fp16.safetensors","7105374680","6.62 GB","AI 模型权重、数据集、缓存","2026/4/6 18:17:04","2025/9/19 5:58:18","中风险","需要用户确认","7105374680","6.62 GB","AI 目录通常体积巨大，若是缓存或可重下资源，回收空间潜力高。",,
"File","E:\webui_forge_cu121_torch231\webui\models\Stable-diffusion\sdxl\好吃米-2D-SDXL-v3-fp16-clip-fix.safetensors","6938040400","6.46 GB","AI 模型权重、数据集、缓存","2026/4/6 18:17:04","2025/9/19 6:14:01","中风险","需要用户确认","6938040400","6.46 GB","AI 目录通常体积巨大，若是缓存或可重下资源，回收空间潜力高。",,
"File","E:\webui_forge_cu121_torch231\webui\models\Stable-diffusion\sdxl\林鹤-万物类象V3-多重风格化动漫美学大模型_V3.1.safetensors","6938040736","6.46 GB","AI 模型权重、数据集、缓存","2026/4/6 18:17:04","2025/11/15 20:02:44","中风险","需要用户确认","6938040736","6.46 GB","AI 目录通常体积巨大，若是缓存或可重下资源，回收空间潜力高。",,
"File","E:\webui_forge_cu121_torch231\webui\models\Stable-diffusion\sdxl\猫爪_二次元古风模型SDXL_3.0.safetensors","6938040706","6.46 GB","AI 模型权重、数据集、缓存","2026/4/6 18:17:04","2025/9/20 11:51:51","中风险","需要用户确认","6938040706","6.46 GB","AI 目录通常体积巨大，若是缓存或可重下资源，回收空间潜力高。",,
"File","E:\webui_forge_cu121_torch231\webui\models\Stable-diffusion\sdxl\喵咔幻想与现实-XL_国风v1.0(分支模型).safetensors","6938043202","6.46 GB","AI 模型权重、数据集、缓存","2026/4/6 18:17:04","2025/9/11 14:07:05","中风险","需要用户确认","6938043202","6.46 GB","AI 目录通常体积巨大，若是缓存或可重下资源，回收空间潜力高。",,
"File","E:\webui_forge_cu121_torch231\webui\models\Stable-diffusion\sdxl\喵咔幻想与现实-XL_v2.0（原版）.safetensors","6938040988","6.46 GB","AI 模型权重、数据集、缓存","2026/4/6 18:17:04","2025/9/11 14:30:06","中风险","需要用户确认","6938040988","6.46 GB","AI 目录通常体积巨大，若是缓存或可重下资源，回收空间潜力高。",,
"File","E:\webui_forge_cu121_torch231\webui\models\Stable-diffusion\sdxl\animagine-xl-4.0-opt.safetensors","6938350040","6.46 GB","AI 模型权重、数据集、缓存","2026/4/6 18:17:04","2025/9/18 16:50:43","中风险","需要用户确认","6938350040","6.46 GB","AI 目录通常体积巨大，若是缓存或可重下资源，回收空间潜力高。",,
"File","E:\webui_forge_cu121_torch231\webui\models\Stable-diffusion\sdxl\animagineXLV31_v31.safetensors","6938325776","6.46 GB","AI 模型权重、数据集、缓存","2026/4/6 18:17:04","2025/9/18 16:41:52","中风险","需要用户确认","6938325776","6.46 GB","AI 目录通常体积巨大，若是缓存或可重下资源，回收空间潜力高。",,
"File","E:\webui_forge_cu121_torch231\webui\models\Stable-diffusion\sdxl\dreamshaperXL_v21TurboDPMSDE.safetensors","6939220250","6.46 GB","AI 模型权重、数据集、缓存","2026/4/6 18:17:04","2025/9/18 17:37:13","中风险","需要用户确认","6939220250","6.46 GB","AI 目录通常体积巨大，若是缓存或可重下资源，回收空间潜力高。",,
"File","E:\webui_forge_cu121_torch231\webui\models\Stable-diffusion\sdxl\Hotpot_SDXL 麻瓜火锅  超真实大模型_v1.0.safetensors","6938043538","6.46 GB","AI 模型权重、数据集、缓存","2026/4/6 18:17:04","2025/11/15 19:15:02","中风险","需要用户确认","6938043538","6.46 GB","AI 目录通常体积巨大，若是缓存或可重下资源，回收空间潜力高。",,
"File","E:\webui_forge_cu121_torch231\webui\models\Stable-diffusion\sdxl\iniverseMixSFWNSFW_guofengXLV15.safetensors","7105353792","6.62 GB","AI 模型权重、数据集、缓存","2026/4/6 18:17:04","2025/9/19 7:04:46","中风险","需要用户确认","7105353792","6.62 GB","AI 目录通常体积巨大，若是缓存或可重下资源，回收空间潜力高。",,
"File","E:\webui_forge_cu121_torch231\webui\models\Stable-diffusion\sdxl\iniverseMixSFWNSFW_ponyRealGuofengV51.safetensors","6938045946","6.46 GB","AI 模型权重、数据集、缓存","2026/4/6 18:17:04","2025/9/19 7:00:20","中风险","需要用户确认","6938045946","6.46 GB","AI 目录通常体积巨大，若是缓存或可重下资源，回收空间潜力高。",,
"File","E:\webui_forge_cu121_torch231\webui\models\Stable-diffusion\sdxl\Juggernaut_v11_byRunDiffusion.safetensors","7105350536","6.62 GB","AI 模型权重、数据集、缓存","2026/4/6 18:17:04","2025/8/5 12:18:10","中风险","需要用户确认","7105350536","6.62 GB","AI 目录通常体积巨大，若是缓存或可重下资源，回收空间潜力高。",,
"File","E:\webui_forge_cu121_torch231\webui\models\Stable-diffusion\sdxl\Juggernaut_v9_RunDiffusionPhoto_v2.safetensors","7105348188","6.62 GB","AI 模型权重、数据集、缓存","2026/4/6 18:17:04","2025/8/5 12:16:10","中风险","需要用户确认","7105348188","6.62 GB","AI 目录通常体积巨大，若是缓存或可重下资源，回收空间潜力高。",,
"File","E:\webui_forge_cu121_torch231\webui\models\Stable-diffusion\sdxl\juggernautXL_ragnarokBy.safetensors","7105350162","6.62 GB","AI 模型权重、数据集、缓存","2026/4/6 18:17:04","2025/9/11 12:25:27","中风险","需要用户确认","7105350162","6.62 GB","AI 目录通常体积巨大，若是缓存或可重下资源，回收空间潜力高。",,
"File","E:\webui_forge_cu121_torch231\webui\models\Stable-diffusion\sdxl\LEOSAM_HelloNewWorld_v7.0.safetensors","6938040682","6.46 GB","AI 模型权重、数据集、缓存","2026/4/6 18:17:04","2025/8/2 22:20:50","中风险","需要用户确认","6938040682","6.46 GB","AI 目录通常体积巨大，若是缓存或可重下资源，回收空间潜力高。",,
"File","E:\webui_forge_cu121_torch231\webui\models\Stable-diffusion\sdxl\Open_Qwen_Ultra丨开放版-国风武侠写实丨性感极致细节光影-电影感丨神话古风丨商业摄影_V6.8.safetensors","6938041868","6.46 GB","AI 模型权重、数据集、缓存","2026/4/6 18:17:04","2025/9/20 9:30:17","中风险","需要用户确认","6938041868","6.46 GB","AI 目录通常体积巨大，若是缓存或可重下资源，回收空间潜力高。",,
"File","E:\webui_forge_cu121_torch231\webui\models\Stable-diffusion\sdxl\Open_Qwen_Ultra丨开放版-国风武侠写实丨性感极致细节光影-电影感丨神话古风丨商业摄影_V7.safetensors","6938041860","6.46 GB","AI 模型权重、数据集、缓存","2026/4/6 18:17:04","2025/9/20 6:02:23","中风险","需要用户确认","6938041860","6.46 GB","AI 目录通常体积巨大，若是缓存或可重下资源，回收空间潜力高。",,
"File","E:\webui_forge_cu121_torch231\webui\models\Stable-diffusion\sdxl\Open_Qwen丨开放版-万物写实丨性感极致细节光影_V6.0.safetensors","6938041812","6.46 GB","AI 模型权重、数据集、缓存","2026/4/6 18:17:04","2025/9/20 10:01:56","中风险","需要用户确认","6938041812","6.46 GB","AI 目录通常体积巨大，若是缓存或可重下资源，回收空间潜力高。",,
"File","E:\webui_forge_cu121_torch231\webui\models\Stable-diffusion\sdxl\Open_Qwen丨开放版-万物写实丨性感极致细节光影_V7.safetensors","6938041868","6.46 GB","AI 模型权重、数据集、缓存","2026/4/6 18:17:04","2025/9/20 10:12:06","中风险","需要用户确认","6938041868","6.46 GB","AI 目录通常体积巨大，若是缓存或可重下资源，回收空间潜力高。",,
"File","E:\webui_forge_cu121_torch231\webui\models\Stable-diffusion\sdxl\realcartoonXL_v6.safetensors","6938040682","6.46 GB","AI 模型权重、数据集、缓存","2026/4/6 18:17:04","2025/9/18 18:00:07","中风险","需要用户确认","6938040682","6.46 GB","AI 目录通常体积巨大，若是缓存或可重下资源，回收空间潜力高。",,
"File","E:\webui_forge_cu121_torch231\webui\models\Stable-diffusion\sdxl\realcartoonXL_v7.safetensors","7308039012","6.81 GB","AI 模型权重、数据集、缓存","2026/4/6 18:17:04","2025/9/18 17:39:59","中风险","需要用户确认","7308039012","6.81 GB","AI 目录通常体积巨大，若是缓存或可重下资源，回收空间潜力高。",,
"File","E:\webui_forge_cu121_torch231\webui\models\Stable-diffusion\sdxl\realvisxlV50_v50LightningBakedvae.safetensors","6938065512","6.46 GB","AI 模型权重、数据集、缓存","2026/4/6 18:17:04","2025/9/11 0:38:35","中风险","需要用户确认","6938065512","6.46 GB","AI 目录通常体积巨大，若是缓存或可重下资源，回收空间潜力高。",,
"File","E:\webui_forge_cu121_torch231\webui\models\Stable-diffusion\sdxl\Ronghua_v4.5_xl_Guofeng.safetensors","6938040720","6.46 GB","AI 模型权重、数据集、缓存","2026/4/6 18:17:04","2025/8/2 22:05:07","中风险","需要用户确认","6938040720","6.46 GB","AI 目录通常体积巨大，若是缓存或可重下资源，回收空间潜力高。",,
"File","E:\webui_forge_cu121_torch231\webui\models\Stable-diffusion\sdxl\SC-NewGuofeng2D-XL  新国风_v1.0.safetensors","7105350502","6.62 GB","AI 模型权重、数据集、缓存","2026/4/6 18:17:04","2025/9/20 15:55:35","中风险","需要用户确认","7105350502","6.62 GB","AI 目录通常体积巨大，若是缓存或可重下资源，回收空间潜力高。",,
"File","E:\webui_forge_cu121_torch231\webui\models\Stable-diffusion\sdxl\sd_xl_base_1.0.safetensors","6938078334","6.46 GB","AI 模型权重、数据集、缓存","2026/4/6 21:18:04","2025/8/5 11:05:27","中风险","需要用户确认","6938078334","6.46 GB","AI 目录通常体积巨大，若是缓存或可重下资源，回收空间潜力高。",,
"File","E:\webui_forge_cu121_torch231\webui\models\Stable-diffusion\sdxl\sd_xl_refiner_1.0.safetensors","6075981930","5.66 GB","AI 模型权重、数据集、缓存","2026/4/6 18:17:04","2025/8/5 10:50:07","中风险","需要用户确认","6075981930","5.66 GB","AI 目录通常体积巨大，若是缓存或可重下资源，回收空间潜力高。",,
"File","E:\webui_forge_cu121_torch231\webui\models\Stable-diffusion\sdxl\sdxl10ArienmixxlAsian_v45Pruned.safetensors","7105377448","6.62 GB","AI 模型权重、数据集、缓存","2026/4/6 18:17:04","2025/11/15 9:08:47","中风险","需要用户确认","7105377448","6.62 GB","AI 目录通常体积巨大，若是缓存或可重下资源，回收空间潜力高。",,
"File","E:\webui_forge_cu121_torch231\webui\models\Stable-diffusion\sdxl\tastyriceMagicOnPaperSDXL_engine10.safetensors","6938040448","6.46 GB","AI 模型权重、数据集、缓存","2026/4/6 18:17:04","2025/9/19 1:24:36","中风险","需要用户确认","6938040448","6.46 GB","AI 目录通常体积巨大，若是缓存或可重下资源，回收空间潜力高。",,
"File","E:\webui_forge_cu121_torch231\webui\models\Stable-diffusion\sdxl\tastyriceMagicOnPaperSDXL_v3Probe.safetensors","6938043248","6.46 GB","AI 模型权重、数据集、缓存","2026/4/6 18:17:04","2025/9/19 1:22:42","中风险","需要用户确认","6938043248","6.46 GB","AI 目录通常体积巨大，若是缓存或可重下资源，回收空间潜力高。",,
"File","E:\webui_forge_cu121_torch231\webui\models\Stable-diffusion\sdxl\tyHanSDXL_alpha10.safetensors","6938043530","6.46 GB","AI 模型权重、数据集、缓存","2026/4/6 18:17:04","2025/11/15 12:15:08","中风险","需要用户确认","6938043530","6.46 GB","AI 目录通常体积巨大，若是缓存或可重下资源，回收空间潜力高。",,
"File","E:\webui_forge_cu121_torch231\webui\models\Stable-diffusion\sdxl\tyHanSDXL_alpha20.safetensors","6938043530","6.46 GB","AI 模型权重、数据集、缓存","2026/4/6 18:17:04","2025/11/15 12:03:41","中风险","需要用户确认","6938043530","6.46 GB","AI 目录通常体积巨大，若是缓存或可重下资源，回收空间潜力高。",,
"File","E:\webui_forge_cu121_torch231\webui\models\Stable-diffusion\sdxl\tyHanSDXL_v10.safetensors","6938043554","6.46 GB","AI 模型权重、数据集、缓存","2026/4/6 18:17:04","2025/11/15 11:39:12","中风险","需要用户确认","6938043554","6.46 GB","AI 目录通常体积巨大，若是缓存或可重下资源，回收空间潜力高。",,
